Votes,Score,English_Name,Favourites_count,Popularity_ranking
766783,10,Death Note,3645111,2
765093,9,Death Note,3645111,2
598036,8,Death Note,3645111,2
283202,7,Death Note,3645111,2
94128,6,Death Note,3645111,2
38250,5,Death Note,3645111,2
14314,4,Death Note,3645111,2
5088,3,Death Note,3645111,2
3044,2,Death Note,3645111,2
5092,1,Death Note,3645111,2
713740,10,Shingeki no Kyojin,,1
751238,9,Shingeki no Kyojin,,1
672922,8,Shingeki no Kyojin,,1
307491,7,Shingeki no Kyojin,,1
93237,6,Shingeki no Kyojin,,1
39366,5,Shingeki no Kyojin,,1
15012,4,Shingeki no Kyojin,,1
6016,3,Shingeki no Kyojin,,1
3561,2,Shingeki no Kyojin,,1
8363,1,Shingeki no Kyojin,,1
957124,10,Fullmetal Alchemist: Brotherhood,214254,3
545410,9,Fullmetal Alchemist: Brotherhood,214254,3
278228,8,Fullmetal Alchemist: Brotherhood,214254,3
99716,7,Fullmetal Alchemist: Brotherhood,214254,3
29663,6,Fullmetal Alchemist: Brotherhood,214254,3
14146,5,Fullmetal Alchemist: Brotherhood,214254,3
5101,4,Fullmetal Alchemist: Brotherhood,214254,3
2474,3,Fullmetal Alchemist: Brotherhood,214254,3
3064,2,Fullmetal Alchemist: Brotherhood,214254,3
41494,1,Fullmetal Alchemist: Brotherhood,214254,3
292978,10,Sword Art Online,66367,5
291410,9,Sword Art Online,66367,5
399700,8,Sword Art Online,66367,5
412643,7,Sword Art Online,66367,5
256597,6,Sword Art Online,66367,5
166333,5,Sword Art Online,66367,5
106161,4,Sword Art Online,66367,5
56341,3,Sword Art Online,66367,5
31830,2,Sword Art Online,66367,5
29542,1,Sword Art Online,66367,5
466990,10,One Punch Man,3000017,4
643748,9,One Punch Man,3000017,4
605479,8,One Punch Man,3000017,4
262512,7,One Punch Man,3000017,4
70362,6,One Punch Man,3000017,4
25839,5,One Punch Man,3000017,4
8036,4,One Punch Man,3000017,4
3167,3,One Punch Man,3000017,4
1929,2,One Punch Man,3000017,4
3521,1,One Punch Man,3000017,4
245849,10,Boku no Hero Academia,,6
404538,9,Boku no Hero Academia,,6
607161,8,Boku no Hero Academia,,6
439004,7,Boku no Hero Academia,,6
149098,6,Boku no Hero Academia,,6
59626,5,Boku no Hero Academia,,6
18106,4,Boku no Hero Academia,,6
7406,3,Boku no Hero Academia,,6
3835,2,Boku no Hero Academia,,6
6801,1,Boku no Hero Academia,,6
256665,10,Tokyo Ghoul,2654664,9
339651,9,Tokyo Ghoul,2654664,9
495616,8,Tokyo Ghoul,2654664,9
378429,7,Tokyo Ghoul,2654664,9
159114,6,Tokyo Ghoul,2654664,9
71484,5,Tokyo Ghoul,2654664,9
33880,4,Tokyo Ghoul,2654664,9
13928,3,Tokyo Ghoul,2654664,9
7097,2,Tokyo Ghoul,2654664,9
6649,1,Tokyo Ghoul,2654664,9
335750,10,Naruto,74942,8
349386,9,Naruto,74942,8
508115,8,Naruto,74942,8
406436,7,Naruto,74942,8
148807,6,Naruto,74942,8
61705,5,Naruto,74942,8
20042,4,Naruto,74942,8
7866,3,Naruto,74942,8
4577,2,Naruto,74942,8
7473,1,Naruto,74942,8
698827,10,Kimi no Na wa.,,11
500077,9,Kimi no Na wa.,,11
328220,8,Kimi no Na wa.,,11
148059,7,Kimi no Na wa.,,11
51909,6,Kimi no Na wa.,,11
21574,5,Kimi no Na wa.,,11
8746,4,Kimi no Na wa.,,11
3590,3,Kimi no Na wa.,,11
1899,2,Kimi no Na wa.,,11
5205,1,Kimi no Na wa.,,11
682772,10,Hunter x Hunter (2011),,10
486162,9,Hunter x Hunter (2011),,10
274932,8,Hunter x Hunter (2011),,10
108804,7,Hunter x Hunter (2011),,10
31873,6,Hunter x Hunter (2011),,10
13635,5,Hunter x Hunter (2011),,10
5002,4,Hunter x Hunter (2011),,10
2092,3,Hunter x Hunter (2011),,10
1561,2,Hunter x Hunter (2011),,10
6347,1,Hunter x Hunter (2011),,10
455805,10,Kimetsu no Yaiba,,7
572624,9,Kimetsu no Yaiba,,7
517169,8,Kimetsu no Yaiba,,7
224725,7,Kimetsu no Yaiba,,7
65091,6,Kimetsu no Yaiba,,7
26728,5,Kimetsu no Yaiba,,7
9008,4,Kimetsu no Yaiba,,7
3556,3,Kimetsu no Yaiba,,7
1925,2,Kimetsu no Yaiba,,7
5450,1,Kimetsu no Yaiba,,7
609109,10,Steins;Gate,,13
365878,9,Steins;Gate,,13
190660,8,Steins;Gate,,13
79058,7,Steins;Gate,,13
29359,6,Steins;Gate,,13
15470,5,Steins;Gate,,13
7406,4,Steins;Gate,,13
3427,3,Steins;Gate,,13
2578,2,Steins;Gate,,13
8926,1,Steins;Gate,,13
413728,10,Shingeki no Kyojin Season 2,,12
509009,9,Shingeki no Kyojin Season 2,,12
497842,8,Shingeki no Kyojin Season 2,,12
210892,7,Shingeki no Kyojin Season 2,,12
57316,6,Shingeki no Kyojin Season 2,,12
18631,5,Shingeki no Kyojin Season 2,,12
7317,4,Shingeki no Kyojin Season 2,,12
2504,3,Shingeki no Kyojin Season 2,,12
1301,2,Shingeki no Kyojin Season 2,,12
3580,1,Shingeki no Kyojin Season 2,,12
233434,10,Boku no Hero Academia 2nd Season,,14
412950,9,Boku no Hero Academia 2nd Season,,14
534368,8,Boku no Hero Academia 2nd Season,,14
299707,7,Boku no Hero Academia 2nd Season,,14
91826,6,Boku no Hero Academia 2nd Season,,14
33563,5,Boku no Hero Academia 2nd Season,,14
9797,4,Boku no Hero Academia 2nd Season,,14
3873,3,Boku no Hero Academia 2nd Season,,14
1938,2,Boku no Hero Academia 2nd Season,,14
3926,1,Boku no Hero Academia 2nd Season,,14
270079,10,No Game No Life,,16
345976,9,No Game No Life,,16
404213,8,No Game No Life,,16
256971,7,No Game No Life,,16
100401,6,No Game No Life,,16
44200,5,No Game No Life,,16
21872,4,No Game No Life,,16
9716,3,No Game No Life,,16
5325,2,No Game No Life,,16
5733,1,No Game No Life,,16
403335,10,Naruto: Shippuuden,,15
328029,9,Naruto: Shippuuden,,15
357752,8,Naruto: Shippuuden,,15
251964,7,Naruto: Shippuuden,,15
105112,6,Naruto: Shippuuden,,15
48669,5,Naruto: Shippuuden,,15
21428,4,Naruto: Shippuuden,,15
8903,3,Naruto: Shippuuden,,15
4609,2,Naruto: Shippuuden,,15
6380,1,Naruto: Shippuuden,,15
420962,10,Code Geass: Hangyaku no Lelouch,,20
409022,9,Code Geass: Hangyaku no Lelouch,,20
287337,8,Code Geass: Hangyaku no Lelouch,,20
124411,7,Code Geass: Hangyaku no Lelouch,,20
42080,6,Code Geass: Hangyaku no Lelouch,,20
19223,5,Code Geass: Hangyaku no Lelouch,,20
9330,4,Code Geass: Hangyaku no Lelouch,,20
4068,3,Code Geass: Hangyaku no Lelouch,,20
2207,2,Code Geass: Hangyaku no Lelouch,,20
3784,1,Code Geass: Hangyaku no Lelouch,,20
225428,10,Toradora!,,22
314706,9,Toradora!,,22
367192,8,Toradora!,,22
233636,7,Toradora!,,22
91741,6,Toradora!,,22
41669,5,Toradora!,,22
18983,4,Toradora!,,22
7884,3,Toradora!,,22
4547,2,Toradora!,,22
5377,1,Toradora!,,22
144363,10,Noragami,,25
251381,9,Noragami,,25
411727,8,Noragami,,25
275045,7,Noragami,,25
83987,6,Noragami,,25
29580,5,Noragami,,25
8127,4,Noragami,,25
2649,3,Noragami,,25
1193,2,Noragami,,25
1378,1,Noragami,,25
229565,10,Angel Beats!,,28
285910,9,Angel Beats!,,28
330499,8,Angel Beats!,,28
220518,7,Angel Beats!,,28
90949,6,Angel Beats!,,28
41753,5,Angel Beats!,,28
18969,4,Angel Beats!,,28
7849,3,Angel Beats!,,28
3742,2,Angel Beats!,,28
3364,1,Angel Beats!,,28
250029,10,Re:Zero kara Hajimeru Isekai Seikatsu,,24
358933,9,Re:Zero kara Hajimeru Isekai Seikatsu,,24
386322,8,Re:Zero kara Hajimeru Isekai Seikatsu,,24
194800,7,Re:Zero kara Hajimeru Isekai Seikatsu,,24
69498,6,Re:Zero kara Hajimeru Isekai Seikatsu,,24
30449,5,Re:Zero kara Hajimeru Isekai Seikatsu,,24
16330,4,Re:Zero kara Hajimeru Isekai Seikatsu,,24
7215,3,Re:Zero kara Hajimeru Isekai Seikatsu,,24
4126,2,Re:Zero kara Hajimeru Isekai Seikatsu,,24
5190,1,Re:Zero kara Hajimeru Isekai Seikatsu,,24
413152,10,Shigatsu wa Kimi no Uso,,23
355408,9,Shigatsu wa Kimi no Uso,,23
271930,8,Shigatsu wa Kimi no Uso,,23
131136,7,Shigatsu wa Kimi no Uso,,23
49205,6,Shigatsu wa Kimi no Uso,,23
22455,5,Shigatsu wa Kimi no Uso,,23
10931,4,Shigatsu wa Kimi no Uso,,23
4513,3,Shigatsu wa Kimi no Uso,,23
2555,2,Shigatsu wa Kimi no Uso,,23
4046,1,Shigatsu wa Kimi no Uso,,23
595275,10,Koe no Katachi,,19
464814,9,Koe no Katachi,,19
263646,8,Koe no Katachi,,19
106632,7,Koe no Katachi,,19
33211,6,Koe no Katachi,,19
12520,5,Koe no Katachi,,19
5348,4,Koe no Katachi,,19
2237,3,Koe no Katachi,,19
1246,2,Koe no Katachi,,19
3176,1,Koe no Katachi,,19
190121,10,Boku no Hero Academia 3rd Season,,26
324004,9,Boku no Hero Academia 3rd Season,,26
434370,8,Boku no Hero Academia 3rd Season,,26
261784,7,Boku no Hero Academia 3rd Season,,26
85935,6,Boku no Hero Academia 3rd Season,,26
32734,5,Boku no Hero Academia 3rd Season,,26
10503,4,Boku no Hero Academia 3rd Season,,26
3884,3,Boku no Hero Academia 3rd Season,,26
1903,2,Boku no Hero Academia 3rd Season,,26
3396,1,Boku no Hero Academia 3rd Season,,26
142554,10,Mirai Nikki (TV),,32
196759,9,Mirai Nikki (TV),,32
278487,8,Mirai Nikki (TV),,32
250515,7,Mirai Nikki (TV),,32
135438,6,Mirai Nikki (TV),,32
68736,5,Mirai Nikki (TV),,32
44320,4,Mirai Nikki (TV),,32
22397,3,Mirai Nikki (TV),,32
12999,2,Mirai Nikki (TV),,32
10552,1,Mirai Nikki (TV),,32
383879,10,Shingeki no Kyojin Season 3,,18
471344,9,Shingeki no Kyojin Season 3,,18
401913,8,Shingeki no Kyojin Season 3,,18
148459,7,Shingeki no Kyojin Season 3,,18
37971,6,Shingeki no Kyojin Season 3,,18
12069,5,Shingeki no Kyojin Season 3,,18
4866,4,Shingeki no Kyojin Season 3,,18
1896,3,Shingeki no Kyojin Season 3,,18
939,2,Shingeki no Kyojin Season 3,,18
3300,1,Shingeki no Kyojin Season 3,,18
523822,10,One Piece,191920,21
249971,9,One Piece,191920,21
198843,8,One Piece,191920,21
115424,7,One Piece,191920,21
47130,6,One Piece,191920,21
25148,5,One Piece,191920,21
10782,4,One Piece,191920,21
5032,3,One Piece,191920,21
3629,2,One Piece,191920,21
10971,1,One Piece,191920,21
145637,10,Nanatsu no Taizai,,31
234829,9,Nanatsu no Taizai,,31
369205,8,Nanatsu no Taizai,,31
290214,7,Nanatsu no Taizai,,31
119108,6,Nanatsu no Taizai,,31
56856,5,Nanatsu no Taizai,,31
28136,4,Nanatsu no Taizai,,31
13419,3,Nanatsu no Taizai,,31
7248,2,Nanatsu no Taizai,,31
8056,1,Nanatsu no Taizai,,31
141005,10,Akame ga Kill!,27749,29
204460,9,Akame ga Kill!,27749,29
316558,8,Akame ga Kill!,27749,29
285103,7,Akame ga Kill!,27749,29
141870,6,Akame ga Kill!,27749,29
71174,5,Akame ga Kill!,27749,29
41816,4,Akame ga Kill!,27749,29
18204,3,Akame ga Kill!,27749,29
9119,2,Akame ga Kill!,27749,29
6236,1,Akame ga Kill!,27749,29
261785,10,Boku dake ga Inai Machi,,30
362944,9,Boku dake ga Inai Machi,,30
355517,8,Boku dake ga Inai Machi,,30
187577,7,Boku dake ga Inai Machi,,30
65063,6,Boku dake ga Inai Machi,,30
23899,5,Boku dake ga Inai Machi,,30
11464,4,Boku dake ga Inai Machi,,30
4823,3,Boku dake ga Inai Machi,,30
2078,2,Boku dake ga Inai Machi,,30
2554,1,Boku dake ga Inai Machi,,30
103786,10,Sword Art Online II,,35
125898,9,Sword Art Online II,,35
220004,8,Sword Art Online II,,35
295784,7,Sword Art Online II,,35
211138,6,Sword Art Online II,,35
133204,5,Sword Art Online II,,35
84971,4,Sword Art Online II,,35
45542,3,Sword Art Online II,,35
27749,2,Sword Art Online II,,35
21168,1,Sword Art Online II,,35
94528,10,Ao no Exorcist,,37
159607,9,Ao no Exorcist,,37
308204,8,Ao no Exorcist,,37
320043,7,Ao no Exorcist,,37
136225,6,Ao no Exorcist,,37
56228,5,Ao no Exorcist,,37
18802,4,Ao no Exorcist,,37
6320,3,Ao no Exorcist,,37
2620,2,Ao no Exorcist,,37
2034,1,Ao no Exorcist,,37
625381,10,Shingeki no Kyojin Season 3 Part 2,,27
459961,9,Shingeki no Kyojin Season 3 Part 2,,27
229294,8,Shingeki no Kyojin Season 3 Part 2,,27
73640,7,Shingeki no Kyojin Season 3 Part 2,,27
19465,6,Shingeki no Kyojin Season 3 Part 2,,27
6981,5,Shingeki no Kyojin Season 3 Part 2,,27
2725,4,Shingeki no Kyojin Season 3 Part 2,,27
1376,3,Shingeki no Kyojin Season 3 Part 2,,27
1078,2,Shingeki no Kyojin Season 3 Part 2,,27
11728,1,Shingeki no Kyojin Season 3 Part 2,,27
159354,10,Ansatsu Kyoushitsu,,34
254505,9,Ansatsu Kyoushitsu,,34
370928,8,Ansatsu Kyoushitsu,,34
215903,7,Ansatsu Kyoushitsu,,34
67118,6,Ansatsu Kyoushitsu,,34
25958,5,Ansatsu Kyoushitsu,,34
9363,4,Ansatsu Kyoushitsu,,34
3439,3,Ansatsu Kyoushitsu,,34
1625,2,Ansatsu Kyoushitsu,,34
1740,1,Ansatsu Kyoushitsu,,34
213409,10,Mob Psycho 100,44399,33
388589,9,Mob Psycho 100,44399,33
385450,8,Mob Psycho 100,44399,33
137388,7,Mob Psycho 100,44399,33
31291,6,Mob Psycho 100,44399,33
10576,5,Mob Psycho 100,44399,33
3757,4,Mob Psycho 100,44399,33
1406,3,Mob Psycho 100,44399,33
812,2,Mob Psycho 100,44399,33
1555,1,Mob Psycho 100,44399,33
181072,10,Kono Subarashii Sekai ni Shukufuku wo!,,39
293888,9,Kono Subarashii Sekai ni Shukufuku wo!,,39
391390,8,Kono Subarashii Sekai ni Shukufuku wo!,,39
207183,7,Kono Subarashii Sekai ni Shukufuku wo!,,39
67019,6,Kono Subarashii Sekai ni Shukufuku wo!,,39
25953,5,Kono Subarashii Sekai ni Shukufuku wo!,,39
11058,4,Kono Subarashii Sekai ni Shukufuku wo!,,39
4459,3,Kono Subarashii Sekai ni Shukufuku wo!,,39
2553,2,Kono Subarashii Sekai ni Shukufuku wo!,,39
2992,1,Kono Subarashii Sekai ni Shukufuku wo!,,39
244167,10,Haikyuu!!,,36
327986,9,Haikyuu!!,,36
346844,8,Haikyuu!!,,36
154095,7,Haikyuu!!,,36
40914,6,Haikyuu!!,,36
16765,5,Haikyuu!!,,36
5262,4,Haikyuu!!,,36
2182,3,Haikyuu!!,,36
1297,2,Haikyuu!!,,36
2797,1,Haikyuu!!,,36
335048,10,Jujutsu Kaisen,2170632,17
497632,9,Jujutsu Kaisen,2170632,17
387150,8,Jujutsu Kaisen,2170632,17
132195,7,Jujutsu Kaisen,2170632,17
32275,6,Jujutsu Kaisen,2170632,17
11911,5,Jujutsu Kaisen,2170632,17
3751,4,Jujutsu Kaisen,2170632,17
1542,3,Jujutsu Kaisen,2170632,17
832,2,Jujutsu Kaisen,2170632,17
2665,1,Jujutsu Kaisen,2170632,17
245594,10,Yakusoku no Neverland,,38
400729,9,Yakusoku no Neverland,,38
358050,8,Yakusoku no Neverland,,38
134496,7,Yakusoku no Neverland,,38
35537,6,Yakusoku no Neverland,,38
12548,5,Yakusoku no Neverland,,38
5062,4,Yakusoku no Neverland,,38
1859,3,Yakusoku no Neverland,,38
977,2,Yakusoku no Neverland,,38
1898,1,Yakusoku no Neverland,,38
170905,10,Bleach,,40
192330,9,Bleach,,40
267321,8,Bleach,,40
229208,7,Bleach,,40
101159,6,Bleach,,40
50435,5,Bleach,,40
20246,4,Bleach,,40
7965,3,Bleach,,40
3700,2,Bleach,,40
3862,1,Bleach,,40
182313,10,Kiseijuu: Sei no Kakuritsu,,42
325623,9,Kiseijuu: Sei no Kakuritsu,,42
344270,8,Kiseijuu: Sei no Kakuritsu,,42
160864,7,Kiseijuu: Sei no Kakuritsu,,42
45242,6,Kiseijuu: Sei no Kakuritsu,,42
15872,5,Kiseijuu: Sei no Kakuritsu,,42
5656,4,Kiseijuu: Sei no Kakuritsu,,42
1888,3,Kiseijuu: Sei no Kakuritsu,,42
960,2,Kiseijuu: Sei no Kakuritsu,,42
1246,1,Kiseijuu: Sei no Kakuritsu,,42
153661,10,Fairy Tail,,48
152603,9,Fairy Tail,,48
206216,8,Fairy Tail,,48
201564,7,Fairy Tail,,48
113138,6,Fairy Tail,,48
69923,5,Fairy Tail,,48
36490,4,Fairy Tail,,48
17586,3,Fairy Tail,,48
9869,2,Fairy Tail,,48
9085,1,Fairy Tail,,48
432211,10,Sen to Chihiro no Kamikakushi,,44
350477,9,Sen to Chihiro no Kamikakushi,,44
262516,8,Sen to Chihiro no Kamikakushi,,44
112978,7,Sen to Chihiro no Kamikakushi,,44
33301,6,Sen to Chihiro no Kamikakushi,,44
11614,5,Sen to Chihiro no Kamikakushi,,44
3742,4,Sen to Chihiro no Kamikakushi,,44
1377,3,Sen to Chihiro no Kamikakushi,,44
783,2,Sen to Chihiro no Kamikakushi,,44
1681,1,Sen to Chihiro no Kamikakushi,,44
311291,10,Cowboy Bebop,,43
253480,9,Cowboy Bebop,,43
189056,8,Cowboy Bebop,,43
89751,7,Cowboy Bebop,,43
29717,6,Cowboy Bebop,,43
12605,5,Cowboy Bebop,,43
4559,4,Cowboy Bebop,,43
1856,3,Cowboy Bebop,,43
970,2,Cowboy Bebop,,43
2117,1,Cowboy Bebop,,43
127815,10,Tokyo Ghoul √A,10266,45
151176,9,Tokyo Ghoul √A,10266,45
223658,8,Tokyo Ghoul √A,10266,45
252537,7,Tokyo Ghoul √A,10266,45
160838,6,Tokyo Ghoul √A,10266,45
92567,5,Tokyo Ghoul √A,10266,45
66898,4,Tokyo Ghoul √A,10266,45
32770,3,Tokyo Ghoul √A,10266,45
18848,2,Tokyo Ghoul √A,10266,45
14373,1,Tokyo Ghoul √A,10266,45
465183,10,Code Geass: Hangyaku no Lelouch R2,,47
324957,9,Code Geass: Hangyaku no Lelouch R2,,47
195074,8,Code Geass: Hangyaku no Lelouch R2,,47
84829,7,Code Geass: Hangyaku no Lelouch R2,,47
29497,6,Code Geass: Hangyaku no Lelouch R2,,47
12551,5,Code Geass: Hangyaku no Lelouch R2,,47
6722,4,Code Geass: Hangyaku no Lelouch R2,,47
3183,3,Code Geass: Hangyaku no Lelouch R2,,47
1696,2,Code Geass: Hangyaku no Lelouch R2,,47
3423,1,Code Geass: Hangyaku no Lelouch R2,,47
129839,10,Kill la Kill,36485,51
211532,9,Kill la Kill,36485,51
269298,8,Kill la Kill,36485,51
172576,7,Kill la Kill,36485,51
67433,6,Kill la Kill,36485,51
29181,5,Kill la Kill,36485,51
14418,4,Kill la Kill,36485,51
5601,3,Kill la Kill,36485,51
3239,2,Kill la Kill,36485,51
3243,1,Kill la Kill,36485,51
139402,10,Death Parade,,49
245548,9,Death Parade,,49
304707,8,Death Parade,,49
171030,7,Death Parade,,49
55643,6,Death Parade,,49
20423,5,Death Parade,,49
6994,4,Death Parade,,49
2255,3,Death Parade,,49
1016,2,Death Parade,,49
1172,1,Death Parade,,49
279291,10,Neon Genesis Evangelion,98580,46
247424,9,Neon Genesis Evangelion,98580,46
231563,8,Neon Genesis Evangelion,98580,46
134275,7,Neon Genesis Evangelion,98580,46
54710,6,Neon Genesis Evangelion,98580,46
24762,5,Neon Genesis Evangelion,98580,46
13784,4,Neon Genesis Evangelion,98580,46
6323,3,Neon Genesis Evangelion,98580,46
4594,2,Neon Genesis Evangelion,98580,46
5839,1,Neon Genesis Evangelion,98580,46
95226,10,Another,,56
152331,9,Another,,56
252222,8,Another,,56
236020,7,Another,,56
112676,6,Another,,56
50852,5,Another,,56
24994,4,Another,,56
11127,3,Another,,56
5546,2,Another,,56
3614,1,Another,,56
91111,10,Soul Eater,,60
156839,9,Soul Eater,,60
244311,8,Soul Eater,,60
193710,7,Soul Eater,,60
73152,6,Soul Eater,,60
30685,5,Soul Eater,,60
10826,4,Soul Eater,,60
3665,3,Soul Eater,,60
1765,2,Soul Eater,,60
1810,1,Soul Eater,,60
139658,10,Shokugeki no Souma,,57
237760,9,Shokugeki no Souma,,57
314615,8,Shokugeki no Souma,,57
176001,7,Shokugeki no Souma,,57
52687,6,Shokugeki no Souma,,57
19607,5,Shokugeki no Souma,,57
7305,4,Shokugeki no Souma,,57
2920,3,Shokugeki no Souma,,57
1672,2,Shokugeki no Souma,,57
2318,1,Shokugeki no Souma,,57
125597,10,Psycho-Pass,,59
223367,9,Psycho-Pass,,59
227370,8,Psycho-Pass,,59
110359,7,Psycho-Pass,,59
35656,6,Psycho-Pass,,59
15019,5,Psycho-Pass,,59
5579,4,Psycho-Pass,,59
1945,3,Psycho-Pass,,59
889,2,Psycho-Pass,,59
1481,1,Psycho-Pass,,59
266240,10,Tengen Toppa Gurren Lagann,,64
238297,9,Tengen Toppa Gurren Lagann,,64
187437,8,Tengen Toppa Gurren Lagann,,64
96974,7,Tengen Toppa Gurren Lagann,,64
35823,6,Tengen Toppa Gurren Lagann,,64
17229,5,Tengen Toppa Gurren Lagann,,64
7270,4,Tengen Toppa Gurren Lagann,,64
3032,3,Tengen Toppa Gurren Lagann,,64
1732,2,Tengen Toppa Gurren Lagann,,64
2588,1,Tengen Toppa Gurren Lagann,,64
211697,10,Ano Hi Mita Hana no Namae wo Bokutachi wa Mada Shiranai.,,63
257566,9,Ano Hi Mita Hana no Namae wo Bokutachi wa Mada Shiranai.,,63
245700,8,Ano Hi Mita Hana no Namae wo Bokutachi wa Mada Shiranai.,,63
133973,7,Ano Hi Mita Hana no Namae wo Bokutachi wa Mada Shiranai.,,63
51161,6,Ano Hi Mita Hana no Namae wo Bokutachi wa Mada Shiranai.,,63
21772,5,Ano Hi Mita Hana no Namae wo Bokutachi wa Mada Shiranai.,,63
9989,4,Ano Hi Mita Hana no Namae wo Bokutachi wa Mada Shiranai.,,63
4219,3,Ano Hi Mita Hana no Namae wo Bokutachi wa Mada Shiranai.,,63
2137,2,Ano Hi Mita Hana no Namae wo Bokutachi wa Mada Shiranai.,,63
2602,1,Ano Hi Mita Hana no Namae wo Bokutachi wa Mada Shiranai.,,63
286591,10,Violet Evergarden,,50
255152,9,Violet Evergarden,,50
196148,8,Violet Evergarden,,50
90811,7,Violet Evergarden,,50
35346,6,Violet Evergarden,,50
15944,5,Violet Evergarden,,50
6901,4,Violet Evergarden,,50
2585,3,Violet Evergarden,,50
1282,2,Violet Evergarden,,50
2159,1,Violet Evergarden,,50
442925,10,Shingeki no Kyojin: The Final Season,,41
367230,9,Shingeki no Kyojin: The Final Season,,41
218354,8,Shingeki no Kyojin: The Final Season,,41
86022,7,Shingeki no Kyojin: The Final Season,,41
28491,6,Shingeki no Kyojin: The Final Season,,41
10986,5,Shingeki no Kyojin: The Final Season,,41
5858,4,Shingeki no Kyojin: The Final Season,,41
2541,3,Shingeki no Kyojin: The Final Season,,41
2053,2,Shingeki no Kyojin: The Final Season,,41
16895,1,Shingeki no Kyojin: The Final Season,,41
112847,10,Elfen Lied,23341,70
141757,9,Elfen Lied,23341,70
201050,8,Elfen Lied,23341,70
186527,7,Elfen Lied,23341,70
96352,6,Elfen Lied,23341,70
46281,5,Elfen Lied,23341,70
27452,4,Elfen Lied,23341,70
13920,3,Elfen Lied,23341,70
9079,2,Elfen Lied,23341,70
6934,1,Elfen Lied,23341,70
130909,10,Boku no Hero Academia 4th Season,,53
215509,9,Boku no Hero Academia 4th Season,,53
311936,8,Boku no Hero Academia 4th Season,,53
204922,7,Boku no Hero Academia 4th Season,,53
77278,6,Boku no Hero Academia 4th Season,,53
31617,5,Boku no Hero Academia 4th Season,,53
12133,4,Boku no Hero Academia 4th Season,,53
4457,3,Boku no Hero Academia 4th Season,,53
2108,2,Boku no Hero Academia 4th Season,,53
2853,1,Boku no Hero Academia 4th Season,,53
191502,10,Seishun Buta Yarou wa Bunny Girl Senpai no Yume wo Minai,,52
280812,9,Seishun Buta Yarou wa Bunny Girl Senpai no Yume wo Minai,,52
292304,8,Seishun Buta Yarou wa Bunny Girl Senpai no Yume wo Minai,,52
150676,7,Seishun Buta Yarou wa Bunny Girl Senpai no Yume wo Minai,,52
54442,6,Seishun Buta Yarou wa Bunny Girl Senpai no Yume wo Minai,,52
24801,5,Seishun Buta Yarou wa Bunny Girl Senpai no Yume wo Minai,,52
11334,4,Seishun Buta Yarou wa Bunny Girl Senpai no Yume wo Minai,,52
4889,3,Seishun Buta Yarou wa Bunny Girl Senpai no Yume wo Minai,,52
2706,2,Seishun Buta Yarou wa Bunny Girl Senpai no Yume wo Minai,,52
3149,1,Seishun Buta Yarou wa Bunny Girl Senpai no Yume wo Minai,,52
126069,10,Charlotte,,65
170320,9,Charlotte,,65
257662,8,Charlotte,,65
206709,7,Charlotte,,65
89249,6,Charlotte,,65
39143,5,Charlotte,,65
18424,4,Charlotte,,65
8571,3,Charlotte,,65
3644,2,Charlotte,,65
2511,1,Charlotte,,65
143367,10,Fullmetal Alchemist,25293,74
204493,9,Fullmetal Alchemist,25293,74
254907,8,Fullmetal Alchemist,25293,74
166614,7,Fullmetal Alchemist,25293,74
56312,6,Fullmetal Alchemist,25293,74
20526,5,Fullmetal Alchemist,25293,74
7562,4,Fullmetal Alchemist,25293,74
2358,3,Fullmetal Alchemist,25293,74
1253,2,Fullmetal Alchemist,25293,74
2078,1,Fullmetal Alchemist,25293,74
152276,10,Dr. Stone,26092,55
263676,9,Dr. Stone,26092,55
320335,8,Dr. Stone,26092,55
150970,7,Dr. Stone,26092,55
41528,6,Dr. Stone,26092,55
16011,5,Dr. Stone,26092,55
6344,4,Dr. Stone,26092,55
2425,3,Dr. Stone,26092,55
1239,2,Dr. Stone,26092,55
1432,1,Dr. Stone,26092,55
121517,10,Darling in the FranXX,,62
126098,9,Darling in the FranXX,,62
195237,8,Darling in the FranXX,,62
215548,7,Darling in the FranXX,,62
130323,6,Darling in the FranXX,,62
68778,5,Darling in the FranXX,,62
44069,4,Darling in the FranXX,,62
21990,3,Darling in the FranXX,,62
12982,2,Darling in the FranXX,,62
14014,1,Darling in the FranXX,,62
83795,10,One Punch Man 2nd Season,,58
132898,9,One Punch Man 2nd Season,,58
255221,8,One Punch Man 2nd Season,,58
267345,7,One Punch Man 2nd Season,,58
116105,6,One Punch Man 2nd Season,,58
42202,5,One Punch Man 2nd Season,,58
19631,4,One Punch Man 2nd Season,,58
6571,3,One Punch Man 2nd Season,,58
2480,2,One Punch Man 2nd Season,,58
2389,1,One Punch Man 2nd Season,,58
79973,10,Highschool of the Dead,9779,72
102939,9,Highschool of the Dead,9779,72
190149,8,Highschool of the Dead,9779,72
238347,7,Highschool of the Dead,9779,72
141941,6,Highschool of the Dead,9779,72
72515,5,Highschool of the Dead,9779,72
38046,4,Highschool of the Dead,9779,72
18311,3,Highschool of the Dead,9779,72
11030,2,Highschool of the Dead,9779,72
7514,1,Highschool of the Dead,9779,72
139571,10,Fate/Zero,,73
233332,9,Fate/Zero,,73
256414,8,Fate/Zero,,73
126965,7,Fate/Zero,,73
38379,6,Fate/Zero,,73
14235,5,Fate/Zero,,73
5388,4,Fate/Zero,,73
1924,3,Fate/Zero,,73
1012,2,Fate/Zero,,73
1784,1,Fate/Zero,,73
75913,10,Hataraku Maou-sama!,,67
162460,9,Hataraku Maou-sama!,,67
312138,8,Hataraku Maou-sama!,,67
241299,7,Hataraku Maou-sama!,,67
78054,6,Hataraku Maou-sama!,,67
27905,5,Hataraku Maou-sama!,,67
7837,4,Hataraku Maou-sama!,,67
2538,3,Hataraku Maou-sama!,,67
1078,2,Hataraku Maou-sama!,,67
1044,1,Hataraku Maou-sama!,,67
82677,10,Dungeon ni Deai wo Motomeru no wa Machigatteiru Darou ka,,71
137042,9,Dungeon ni Deai wo Motomeru no wa Machigatteiru Darou ka,,71
264231,8,Dungeon ni Deai wo Motomeru no wa Machigatteiru Darou ka,,71
244766,7,Dungeon ni Deai wo Motomeru no wa Machigatteiru Darou ka,,71
98941,6,Dungeon ni Deai wo Motomeru no wa Machigatteiru Darou ka,,71
42229,5,Dungeon ni Deai wo Motomeru no wa Machigatteiru Darou ka,,71
16832,4,Dungeon ni Deai wo Motomeru no wa Machigatteiru Darou ka,,71
7506,3,Dungeon ni Deai wo Motomeru no wa Machigatteiru Darou ka,,71
3742,2,Dungeon ni Deai wo Motomeru no wa Machigatteiru Darou ka,,71
2528,1,Dungeon ni Deai wo Motomeru no wa Machigatteiru Darou ka,,71
140183,10,JoJo no Kimyou na Bouken (TV),,61
190209,9,JoJo no Kimyou na Bouken (TV),,61
297436,8,JoJo no Kimyou na Bouken (TV),,61
224205,7,JoJo no Kimyou na Bouken (TV),,61
83763,6,JoJo no Kimyou na Bouken (TV),,61
30950,5,JoJo no Kimyou na Bouken (TV),,61
12545,4,JoJo no Kimyou na Bouken (TV),,61
4968,3,JoJo no Kimyou na Bouken (TV),,61
2888,2,JoJo no Kimyou na Bouken (TV),,61
4260,1,JoJo no Kimyou na Bouken (TV),,61
171408,10,Kaguya-sama wa Kokurasetai: Tensai-tachi no Renai Zunousen,,54
311909,9,Kaguya-sama wa Kokurasetai: Tensai-tachi no Renai Zunousen,,54
335281,8,Kaguya-sama wa Kokurasetai: Tensai-tachi no Renai Zunousen,,54
129722,7,Kaguya-sama wa Kokurasetai: Tensai-tachi no Renai Zunousen,,54
32212,6,Kaguya-sama wa Kokurasetai: Tensai-tachi no Renai Zunousen,,54
11804,5,Kaguya-sama wa Kokurasetai: Tensai-tachi no Renai Zunousen,,54
4417,4,Kaguya-sama wa Kokurasetai: Tensai-tachi no Renai Zunousen,,54
1725,3,Kaguya-sama wa Kokurasetai: Tensai-tachi no Renai Zunousen,,54
1047,2,Kaguya-sama wa Kokurasetai: Tensai-tachi no Renai Zunousen,,54
2351,1,Kaguya-sama wa Kokurasetai: Tensai-tachi no Renai Zunousen,,54
115344,10,Overlord,,68
177034,9,Overlord,,68
286991,8,Overlord,,68
191304,7,Overlord,,68
65504,6,Overlord,,68
26749,5,Overlord,,68
11488,4,Overlord,,68
4832,3,Overlord,,68
2243,2,Overlord,,68
2022,1,Overlord,,68
142021,10,Clannad,,79
155360,9,Clannad,,79
187604,8,Clannad,,79
130340,7,Clannad,,79
57875,6,Clannad,,79
29049,5,Clannad,,79
13668,4,Clannad,,79
5965,3,Clannad,,79
3432,2,Clannad,,79
3701,1,Clannad,,79
93560,10,Durarara!!,,82
158115,9,Durarara!!,,82
198471,8,Durarara!!,,82
118958,7,Durarara!!,,82
43183,6,Durarara!!,,82
18879,5,Durarara!!,,82
6695,4,Durarara!!,,82
2221,3,Durarara!!,,82
1104,2,Durarara!!,,82
1296,1,Durarara!!,,82
120323,10,Noragami Aragoto,,77
217470,9,Noragami Aragoto,,77
292656,8,Noragami Aragoto,,77
155444,7,Noragami Aragoto,,77
45306,6,Noragami Aragoto,,77
15465,5,Noragami Aragoto,,77
4153,4,Noragami Aragoto,,77
1285,3,Noragami Aragoto,,77
614,2,Noragami Aragoto,,77
683,1,Noragami Aragoto,,77
152157,10,Kono Subarashii Sekai ni Shukufuku wo! 2,,75
261568,9,Kono Subarashii Sekai ni Shukufuku wo! 2,,75
315130,8,Kono Subarashii Sekai ni Shukufuku wo! 2,,75
144688,7,Kono Subarashii Sekai ni Shukufuku wo! 2,,75
40864,6,Kono Subarashii Sekai ni Shukufuku wo! 2,,75
14195,5,Kono Subarashii Sekai ni Shukufuku wo! 2,,75
5026,4,Kono Subarashii Sekai ni Shukufuku wo! 2,,75
1876,3,Kono Subarashii Sekai ni Shukufuku wo! 2,,75
1101,2,Kono Subarashii Sekai ni Shukufuku wo! 2,,75
1416,1,Kono Subarashii Sekai ni Shukufuku wo! 2,,75
140479,10,Bakemonogatari,,83
203160,9,Bakemonogatari,,83
198631,8,Bakemonogatari,,83
95168,7,Bakemonogatari,,83
33823,6,Bakemonogatari,,83
15434,5,Bakemonogatari,,83
7216,4,Bakemonogatari,,83
3352,3,Bakemonogatari,,83
1929,2,Bakemonogatari,,83
2798,1,Bakemonogatari,,83
131816,10,Black Clover,,66
155160,9,Black Clover,,66
203458,8,Black Clover,,66
142161,7,Black Clover,,66
57684,6,Black Clover,,66
30923,5,Black Clover,,66
17390,4,Black Clover,,66
8788,3,Black Clover,,66
5270,2,Black Clover,,66
6299,1,Black Clover,,66
120284,10,High School DxD,,80
102470,9,High School DxD,,80
187222,8,High School DxD,,80
213824,7,High School DxD,,80
112211,6,High School DxD,,80
57926,5,High School DxD,,80
28845,4,High School DxD,,80
15025,3,High School DxD,,80
9052,2,High School DxD,,80
9382,1,High School DxD,,80
136893,10,Tate no Yuusha no Nariagari,,69
207997,9,Tate no Yuusha no Nariagari,,69
281521,8,Tate no Yuusha no Nariagari,,69
169248,7,Tate no Yuusha no Nariagari,,69
62175,6,Tate no Yuusha no Nariagari,,69
27330,5,Tate no Yuusha no Nariagari,,69
13464,4,Tate no Yuusha no Nariagari,,69
6379,3,Tate no Yuusha no Nariagari,,69
3234,2,Tate no Yuusha no Nariagari,,69
3453,1,Tate no Yuusha no Nariagari,,69
104327,10,Yahari Ore no Seishun Love Comedy wa Machigatteiru.,,81
175118,9,Yahari Ore no Seishun Love Comedy wa Machigatteiru.,,81
276708,8,Yahari Ore no Seishun Love Comedy wa Machigatteiru.,,81
165880,7,Yahari Ore no Seishun Love Comedy wa Machigatteiru.,,81
49970,6,Yahari Ore no Seishun Love Comedy wa Machigatteiru.,,81
18089,5,Yahari Ore no Seishun Love Comedy wa Machigatteiru.,,81
6333,4,Yahari Ore no Seishun Love Comedy wa Machigatteiru.,,81
2568,3,Yahari Ore no Seishun Love Comedy wa Machigatteiru.,,81
1134,2,Yahari Ore no Seishun Love Comedy wa Machigatteiru.,,81
1469,1,Yahari Ore no Seishun Love Comedy wa Machigatteiru.,,81
62411,10,Kakegurui,10460,78
102827,9,Kakegurui,10460,78
220007,8,Kakegurui,10460,78
243616,7,Kakegurui,10460,78
119092,6,Kakegurui,10460,78
54206,5,Kakegurui,10460,78
26556,4,Kakegurui,10460,78
11724,3,Kakegurui,10460,78
6803,2,Kakegurui,10460,78
5963,1,Kakegurui,10460,78
74932,10,Chuunibyou demo Koi ga Shitai!,,90
125549,9,Chuunibyou demo Koi ga Shitai!,,90
231931,8,Chuunibyou demo Koi ga Shitai!,,90
191304,7,Chuunibyou demo Koi ga Shitai!,,90
71527,6,Chuunibyou demo Koi ga Shitai!,,90
28336,5,Chuunibyou demo Koi ga Shitai!,,90
10005,4,Chuunibyou demo Koi ga Shitai!,,90
3769,3,Chuunibyou demo Koi ga Shitai!,,90
1846,2,Chuunibyou demo Koi ga Shitai!,,90
1733,1,Chuunibyou demo Koi ga Shitai!,,90
217389,10,Haikyuu!! Second Season,,85
290614,9,Haikyuu!! Second Season,,85
252731,8,Haikyuu!! Second Season,,85
91074,7,Haikyuu!! Second Season,,85
20232,6,Haikyuu!! Second Season,,85
6518,5,Haikyuu!! Second Season,,85
1621,4,Haikyuu!! Second Season,,85
624,3,Haikyuu!! Second Season,,85
362,2,Haikyuu!! Second Season,,85
1385,1,Haikyuu!! Second Season,,85
188115,10,Ansatsu Kyoushitsu 2nd Season,,86
251493,9,Ansatsu Kyoushitsu 2nd Season,,86
236566,8,Ansatsu Kyoushitsu 2nd Season,,86
105721,7,Ansatsu Kyoushitsu 2nd Season,,86
30687,6,Ansatsu Kyoushitsu 2nd Season,,86
10772,5,Ansatsu Kyoushitsu 2nd Season,,86
3618,4,Ansatsu Kyoushitsu 2nd Season,,86
1245,3,Ansatsu Kyoushitsu 2nd Season,,86
665,2,Ansatsu Kyoushitsu 2nd Season,,86
1033,1,Ansatsu Kyoushitsu 2nd Season,,86
84435,10,Hyouka,,88
144486,9,Hyouka,,88
190292,8,Hyouka,,88
113389,7,Hyouka,,88
42272,6,Hyouka,,88
18551,5,Hyouka,,88
6750,4,Hyouka,,88
2270,3,Hyouka,,88
1260,2,Hyouka,,88
1326,1,Hyouka,,88
244579,10,Mob Psycho 100 II,31355,76
328609,9,Mob Psycho 100 II,31355,76
215134,8,Mob Psycho 100 II,31355,76
67495,7,Mob Psycho 100 II,31355,76
14568,6,Mob Psycho 100 II,31355,76
4112,5,Mob Psycho 100 II,31355,76
1179,4,Mob Psycho 100 II,31355,76
450,3,Mob Psycho 100 II,31355,76
255,2,Mob Psycho 100 II,31355,76
1491,1,Mob Psycho 100 II,31355,76
169868,10,Mahou Shoujo Madoka★Magica,,98
193427,9,Mahou Shoujo Madoka★Magica,,98
185362,8,Mahou Shoujo Madoka★Magica,,98
96962,7,Mahou Shoujo Madoka★Magica,,98
36631,6,Mahou Shoujo Madoka★Magica,,98
16231,5,Mahou Shoujo Madoka★Magica,,98
7361,4,Mahou Shoujo Madoka★Magica,,98
3140,3,Mahou Shoujo Madoka★Magica,,98
1834,2,Mahou Shoujo Madoka★Magica,,98
2733,1,Mahou Shoujo Madoka★Magica,,98
67180,10,Owari no Seraph,,94
96165,9,Owari no Seraph,,94
186711,8,Owari no Seraph,,94
192828,7,Owari no Seraph,,94
82155,6,Owari no Seraph,,94
35319,5,Owari no Seraph,,94
14340,4,Owari no Seraph,,94
5964,3,Owari no Seraph,,94
2641,2,Owari no Seraph,,94
2192,1,Owari no Seraph,,94
43086,10,Deadman Wonderland,6603,102
78699,9,Deadman Wonderland,6603,102
158142,8,Deadman Wonderland,6603,102
191383,7,Deadman Wonderland,6603,102
102931,6,Deadman Wonderland,6603,102
46400,5,Deadman Wonderland,6603,102
22217,4,Deadman Wonderland,6603,102
9176,3,Deadman Wonderland,6603,102
4438,2,Deadman Wonderland,6603,102
2691,1,Deadman Wonderland,6603,102
110645,10,Sakura-sou no Pet na Kanojo,,100
161358,9,Sakura-sou no Pet na Kanojo,,100
200877,8,Sakura-sou no Pet na Kanojo,,100
125358,7,Sakura-sou no Pet na Kanojo,,100
46711,6,Sakura-sou no Pet na Kanojo,,100
19853,5,Sakura-sou no Pet na Kanojo,,100
7643,4,Sakura-sou no Pet na Kanojo,,100
3011,3,Sakura-sou no Pet na Kanojo,,100
1410,2,Sakura-sou no Pet na Kanojo,,100
1509,1,Sakura-sou no Pet na Kanojo,,100
73727,10,Guilty Crown,16807,103
93077,9,Guilty Crown,16807,103
145148,8,Guilty Crown,16807,103
143722,7,Guilty Crown,16807,103
76674,6,Guilty Crown,16807,103
39182,5,Guilty Crown,16807,103
23394,4,Guilty Crown,16807,103
10567,3,Guilty Crown,16807,103
5570,2,Guilty Crown,16807,103
4525,1,Guilty Crown,16807,103
119562,10,Kaichou wa Maid-sama!,,101
146709,9,Kaichou wa Maid-sama!,,101
197805,8,Kaichou wa Maid-sama!,,101
139456,7,Kaichou wa Maid-sama!,,101
53412,6,Kaichou wa Maid-sama!,,101
23401,5,Kaichou wa Maid-sama!,,101
8404,4,Kaichou wa Maid-sama!,,101
3313,3,Kaichou wa Maid-sama!,,101
1695,2,Kaichou wa Maid-sama!,,101
1665,1,Kaichou wa Maid-sama!,,101
178641,10,Made in Abyss,,93
234815,9,Made in Abyss,,93
168931,8,Made in Abyss,,93
64178,7,Made in Abyss,,93
19314,6,Made in Abyss,,93
7601,5,Made in Abyss,,93
3188,4,Made in Abyss,,93
1437,3,Made in Abyss,,93
823,2,Made in Abyss,,93
1597,1,Made in Abyss,,93
272229,10,Howl no Ugoku Shiro,,95
237951,9,Howl no Ugoku Shiro,,95
200421,8,Howl no Ugoku Shiro,,95
92020,7,Howl no Ugoku Shiro,,95
27635,6,Howl no Ugoku Shiro,,95
9465,5,Howl no Ugoku Shiro,,95
3409,4,Howl no Ugoku Shiro,,95
1146,3,Howl no Ugoku Shiro,,95
550,2,Howl no Ugoku Shiro,,95
903,1,Howl no Ugoku Shiro,,95
134387,10,Samurai Champloo,,105
186308,9,Samurai Champloo,,105
168347,8,Samurai Champloo,,105
78652,7,Samurai Champloo,,105
22454,6,Samurai Champloo,,105
8193,5,Samurai Champloo,,105
2496,4,Samurai Champloo,,105
1037,3,Samurai Champloo,,105
471,2,Samurai Champloo,,105
1096,1,Samurai Champloo,,105
185471,10,Dragon Ball Z,35494,109
163840,9,Dragon Ball Z,35494,109
208679,8,Dragon Ball Z,35494,109
151126,7,Dragon Ball Z,35494,109
56257,6,Dragon Ball Z,35494,109
22785,5,Dragon Ball Z,35494,109
7042,4,Dragon Ball Z,35494,109
2657,3,Dragon Ball Z,35494,109
1409,2,Dragon Ball Z,35494,109
2356,1,Dragon Ball Z,35494,109
125212,10,Tensei shitara Slime Datta Ken,,87
189337,9,Tensei shitara Slime Datta Ken,,87
260081,8,Tensei shitara Slime Datta Ken,,87
142578,7,Tensei shitara Slime Datta Ken,,87
43681,6,Tensei shitara Slime Datta Ken,,87
17285,5,Tensei shitara Slime Datta Ken,,87
6676,4,Tensei shitara Slime Datta Ken,,87
2775,3,Tensei shitara Slime Datta Ken,,87
1231,2,Tensei shitara Slime Datta Ken,,87
1752,1,Tensei shitara Slime Datta Ken,,87
288280,10,Clannad: After Story,,111
159453,9,Clannad: After Story,,111
98178,8,Clannad: After Story,,111
46692,7,Clannad: After Story,,111
18952,6,Clannad: After Story,,111
9139,5,Clannad: After Story,,111
4680,4,Clannad: After Story,,111
2140,3,Clannad: After Story,,111
1599,2,Clannad: After Story,,111
3266,1,Clannad: After Story,,111
73670,10,Bungou Stray Dogs,,92
109097,9,Bungou Stray Dogs,,92
209634,8,Bungou Stray Dogs,,92
165136,7,Bungou Stray Dogs,,92
51400,6,Bungou Stray Dogs,,92
19531,5,Bungou Stray Dogs,,92
6401,4,Bungou Stray Dogs,,92
2249,3,Bungou Stray Dogs,,92
897,2,Bungou Stray Dogs,,92
931,1,Bungou Stray Dogs,,92
